coherence_score,effectiveness_score,excitement_score,familiarity_score,confidence_score,feasibility_score,grounding_score,motivation_score,novelty_score,overall_score,specificity_score
8,8,7,5,5,8,8,7,8,7,9
7,8,7,5,5,6,6,7,6,7,8
7,8,7,5,5,5,3,5,7,7,8
8,8,8,5,5,6,5,7,8,8,8
9,6,4,4,5,9,7,5,6,4,8
8,4,5,5,5,9,6,3,6,5,8
8,6,6,4,4,4,5,6,6,7,6
8,6,8,3,4,3,6,8,8,8,8
6,3,7,3,4,4,2,6,5,3,2
6,5,5,3,4,3,6,3,7,6,6
8,6,6,5,4,5,5,8,6,4,6
6,6,6,4,4,6,7,7,6,8,7
7,8,8,5,4,8,4,7,8,8,8
5,7,8,4,5,5,3,4,6,7,8
9,6,4,4,4,9,8,5,4,6,9
8,7,8,4,4,3,8,8,7,8,8
8,6,6,4,4,5,7,6,6,7,7
7,6,6,4,4,6,6,7,6,6,7
8,8,8,3,4,3,8,8,8,8,8
8,8,8,4,4,5,8,8,6,8,8
7,7,7,4,4,5,7,7,7,6,4
3,6,6,2,3,3,6,4,7,4,3
10,8,8,3,5,6,10,8,8,7,10
10,10,8,3,5,6,10,8,8,8,10
9,9,8,3,5,5,9,9,8,8,6
7,8,5,3,3,8,6,5,8,5,8
7,6,6,2,3,3,5,5,6,3,5
6,6,6,2,3,5,4,8,5,5,5
6,9,8,5,5,6,7,6,6,8,8
7,7,8,5,5,6,7,6,6,7,8
8,8,8,4,4,4,6,7,8,7,8
5,5,4,4,5,5,5,6,6,5,5
3,3,3,3,4,5,4,3,3,3,4
3,3,4,3,4,4,3,3,3,3,3
8,8,3,5,5,8,3,6,6,4,8
8,8,6,5,5,6,3,5,6,5,6
8,7,7,4,4,5,6,4,5,5,8
8,9,8,4,4,5,6,6,8,8,8
8,7,7,5,5,7,7,7,7,8,8
8,7,6,5,5,6,7,7,6,7,8